scene,item,score
douban_movie,25815002,0
douban_movie,1301458,0
douban_movie,5089377,0
douban_movie,1307386,0
douban_movie,1307296,0
douban_movie,30301088,0
douban_movie,1301456,0
douban_movie,1307286,0
douban_movie,1307280,0
douban_movie,30290592,0
douban_movie,1307278,0
douban_movie,1307276,0
douban_movie,30299622,0
douban_movie,1301480,0
douban_movie,1307312,0
douban_movie,1307318,0
douban_movie,1307309,0
douban_movie,30299356,0
douban_movie,30302148,0
douban_movie,1301451,0
douban_movie,1301448,0
douban_movie,1301447,0
douban_movie,1301449,0
douban_movie,1307311,0
douban_movie,1307310,0
douban_movie,1307320,0
douban_movie,1301452,0
douban_movie,3042135,0
douban_movie,30306111,0
douban_movie,1307374,0
douban_movie,30291500,0
douban_movie,1307429,0
douban_movie,1307430,0
douban_movie,1307322,0
douban_movie,1307325,0
douban_movie,1941320,0
douban_movie,1307338,0
douban_movie,1307561,0
douban_movie,1307564,0
douban_movie,1307567,0
douban_movie,1307576,0
douban_movie,1301361,0
douban_movie,1307585,0
douban_movie,1307574,0
douban_movie,19899648,0
douban_movie,1307271,0
douban_movie,19902993,0
douban_movie,1307450,0
douban_movie,1307333,0
douban_movie,1307340,0
douban_movie,1301433,0
douban_movie,1307354,0
douban_movie,30295132,0
douban_movie,1307358,0
douban_movie,1307361,0
douban_movie,1307363,0
douban_movie,1307362,0
douban_movie,1307367,0
douban_movie,1763668,0
douban_movie,30299309,0
douban_movie,1307369,0
douban_movie,1307372,0
douban_movie,30299267,0
douban_movie,1307371,0
douban_movie,19935784,0
douban_movie,1301421,0
douban_movie,1307389,0
douban_movie,1301401,0
douban_movie,1307438,0
douban_movie,1307076,0
douban_movie,1946607,0
douban_movie,1300653,0
douban_movie,1308405,0
douban_movie,1300649,0
douban_movie,1300654,0
douban_movie,30194409,0
douban_movie,3071461,0
douban_movie,1301425,0
douban_movie,1307437,0
douban_movie,30291841,0
douban_movie,30291544,0
douban_movie,1307419,0
douban_movie,1307407,0
douban_movie,1307405,0
douban_movie,1307406,0
douban_movie,1300647,0
douban_movie,1300641,0
douban_movie,27621741,0
douban_movie,1300644,0
douban_movie,3126196,0
douban_movie,1296139,0
douban_movie,1479884,0
douban_movie,25719563,0
douban_movie,27621853,0
douban_movie,3129590,0
douban_movie,1308408,0
douban_movie,1924447,0
douban_movie,3128808,0
douban_movie,3130786,0
douban_movie,25723093,0
douban_movie,27621779,0
douban_movie,1297595,0
douban_movie,30294476,0
douban_movie,1301422,0
douban_movie,1296170,0
douban_movie,1301409,0
douban_movie,30291125,0
douban_movie,1299531,0
douban_movie,1307443,0
douban_movie,30299234,0
douban_movie,1301393,0
douban_movie,1307448,0
douban_movie,1307444,0
douban_movie,30289823,0
douban_movie,1307447,0
douban_movie,1941214,0
douban_movie,1301389,0
douban_movie,1307453,0
douban_movie,30287948,0
douban_movie,30286115,0
douban_movie,1307427,0
douban_movie,3041816,0
douban_movie,1301412,0
douban_movie,1307418,0
douban_movie,30304429,0
douban_movie,1307396,0
douban_movie,19902995,0
douban_movie,1307403,0
douban_movie,1307375,0
douban_movie,1307410,0
douban_movie,1941318,0
douban_movie,1307388,0
douban_movie,30295011,0
douban_movie,1307398,0
douban_movie,1307394,0
douban_movie,30294918,0
douban_movie,1307560,0
douban_movie,1307550,0
douban_movie,30274825,0
douban_movie,30325848,0
douban_movie,1307494,0
douban_movie,1307500,0
douban_movie,19944289,0
douban_movie,1307274,0
douban_movie,24815502,0
douban_movie,30324169,0
douban_movie,1480546,0
douban_movie,1940503,0
douban_movie,1307057,0
douban_movie,1301615,0
douban_movie,1945748,0
douban_movie,1297574,0
douban_movie,1301628,0
douban_movie,1307043,0
douban_movie,1307511,0
douban_movie,1763626,0
douban_movie,1307510,0
douban_movie,1940852,0
douban_movie,1940805,0
douban_movie,1940785,0
douban_movie,1940739,0
douban_movie,30276154,0
douban_movie,3042395,0
douban_movie,1304875,0
douban_movie,24732990,0
douban_movie,1307518,0
douban_movie,1307516,0
douban_movie,1301366,0
douban_movie,30279941,0
douban_movie,30274839,0
douban_movie,1307521,0
douban_movie,1307042,0
douban_movie,1945780,0
douban_movie,1307030,0
douban_movie,1307087,0
douban_movie,1307070,0
douban_movie,3033267,0
douban_movie,1945628,0
douban_movie,1307080,0
douban_movie,1297584,0
douban_movie,1307081,0
douban_movie,30325845,0
douban_movie,1301596,0
douban_movie,30320428,0
douban_movie,1301600,0
douban_movie,1307085,0
douban_movie,3033739,0
douban_movie,3034325,0
douban_movie,3035287,0
douban_movie,30318235,0
douban_movie,6727362,0
douban_movie,1297575,0
douban_movie,1307062,0
douban_movie,1301620,0
douban_movie,1945761,0
douban_movie,3032489,0
douban_movie,3027052,0
douban_movie,1307026,0
douban_movie,1307025,0
douban_movie,1945785,0
douban_movie,30325878,0
douban_movie,1945770,0
douban_movie,1307033,0
douban_movie,1307037,0
douban_movie,3032870,0
douban_movie,1307530,0
douban_movie,1301370,0
douban_movie,1307492,0
douban_movie,1307629,0
douban_movie,1940314,0
douban_movie,19899663,0
douban_movie,1301335,0
douban_movie,1307613,0
douban_movie,1307616,0
douban_movie,1301322,0
douban_movie,1301319,0
douban_movie,1940094,0
douban_movie,19899627,0
douban_movie,1940090,0
douban_movie,1480404,0
douban_movie,1301324,0
douban_movie,1307627,0
douban_movie,1307632,0
douban_movie,1307582,0
douban_movie,1307605,0
douban_movie,1301332,0
douban_movie,1301346,0
douban_movie,1940459,0
douban_movie,1307546,0
douban_movie,1940519,0
douban_movie,1307536,0
douban_movie,1307533,0
douban_movie,1307541,0
douban_movie,3044847,0
douban_movie,1301360,0
douban_movie,1307543,0
douban_movie,1307544,0
douban_movie,1307545,0
douban_movie,1307532,0
douban_movie,1307604,0
douban_movie,1307592,0
douban_movie,1301369,0
douban_movie,30285979,0
douban_movie,3042684,0
douban_movie,1307498,0
douban_movie,1307463,0
douban_movie,1307457,0
douban_movie,1941151,0
douban_movie,1301390,0
douban_movie,1307458,0
douban_movie,30283680,0
douban_movie,30286111,0
douban_movie,19901514,0
douban_movie,1307462,0
douban_movie,1307475,0
douban_movie,1301364,0
douban_movie,30286060,0
douban_movie,1307477,0
douban_movie,1307600,0
douban_movie,30281190,0
douban_movie,30281817,0
douban_movie,1301381,0
douban_movie,1307487,0
douban_movie,1307485,0
douban_movie,1301372,0
douban_movie,3041913,0
douban_movie,30280525,0
douban_movie,1940993,0
douban_movie,30290081,0
douban_movie,30276995,0
douban_movie,3042305,0
douban_movie,1307584,0
douban_movie,1307588,0
douban_movie,1924528,0
douban_movie,1308409,0
douban_movie,1300659,0
douban_movie,1921431,0
douban_movie,3143861,0
douban_movie,25747461,0
douban_movie,25747204,0
douban_movie,1308524,0
douban_movie,25747280,0
douban_movie,1921074,0
douban_movie,1308444,0
douban_movie,1308383,0
douban_movie,1308441,0
douban_movie,27615874,0
douban_movie,27666627,0
douban_movie,1300703,0
douban_movie,1308364,0
douban_movie,25710730,0
douban_movie,27597019,0
douban_movie,3143520,0
douban_movie,1308517,0
douban_movie,1479816,0
douban_movie,25747954,0
douban_movie,25749273,0
douban_movie,1921090,0
douban_movie,27596328,0
douban_movie,1308526,0
douban_movie,25747974,0
douban_movie,1300477,0
douban_movie,1921078,0
douban_movie,3148966,0
douban_movie,1300478,0
douban_movie,1300483,0
douban_movie,1300490,0
douban_movie,27597030,0
douban_movie,27666589,0
douban_movie,1300705,0
douban_movie,1308424,0
douban_movie,1308368,0
douban_movie,27666584,0
douban_movie,27663896,0
douban_movie,27625618,0
douban_movie,25712624,0
douban_movie,27663808,0
douban_movie,3121862,0
douban_movie,1925081,0
douban_movie,25716059,0
douban_movie,3121590,0
douban_movie,1308389,0
douban_movie,27663793,0
douban_movie,3118676,0
douban_movie,27663925,0
douban_movie,1308366,0
douban_movie,1925767,0
douban_movie,3118035,0
douban_movie,25703180,0
douban_movie,5100109,0
douban_movie,1300720,0
douban_movie,1300730,0
douban_movie,28442903,0
douban_movie,1300717,0
douban_movie,1308363,0
douban_movie,27666650,0
douban_movie,27666624,0
douban_movie,1300729,0
douban_movie,27666632,0
douban_movie,3113753,0
douban_movie,27666608,0
douban_movie,1300709,0
douban_movie,1474251,0
douban_movie,25744933,0
douban_movie,1300507,0
douban_movie,25753160,0
douban_movie,27591613,0
douban_movie,3149586,0
douban_movie,3150619,0
douban_movie,1308553,0
douban_movie,27594182,0
douban_movie,25755569,0
douban_movie,1300429,0
douban_movie,1920730,0
douban_movie,27592572,0
douban_movie,1300417,0
douban_movie,25754857,0
douban_movie,27594206,0
douban_movie,3148571,0
douban_movie,1296118,0
douban_movie,1921002,0
douban_movie,27591704,0
douban_movie,27594188,0
douban_movie,1300466,0
douban_movie,25752000,0
douban_movie,1300463,0
douban_movie,27594175,0
douban_movie,3148013,0
douban_movie,27593912,0
douban_movie,27594769,0
douban_movie,27594247,0
douban_movie,27594145,0
douban_movie,27593830,0
douban_movie,1300448,0
douban_movie,1300442,0
douban_movie,25752170,0
douban_movie,3148954,0
douban_movie,1300435,0
douban_movie,27600925,0
douban_movie,25746243,0
douban_movie,1308512,0
douban_movie,1308514,0
douban_movie,1296178,0
douban_movie,25746240,0
douban_movie,1297601,0
douban_movie,27600161,0
douban_movie,1300496,0
douban_movie,1300468,0
douban_movie,27598784,0
douban_movie,1300489,0
douban_movie,27598684,0
douban_movie,1300492,0
douban_movie,3142741,0
douban_movie,27598283,0
douban_movie,27600146,0
douban_movie,1308555,0
douban_movie,5081093,0
douban_movie,27596841,0
douban_movie,25746375,0
douban_movie,27598488,0
douban_movie,1300509,0
douban_movie,1921003,0
douban_movie,25754050,0
douban_movie,25755351,0
douban_movie,27594230,0
douban_movie,25755473,0
douban_movie,1300437,0
douban_movie,1300434,0
douban_movie,1296134,0
douban_movie,1300444,0
douban_movie,11600133,0
douban_movie,1300682,0
douban_movie,3126157,0
douban_movie,1924245,0
douban_movie,25729267,0
douban_movie,25725759,0
douban_movie,1924027,0
douban_movie,5081983,0
douban_movie,1308438,0
douban_movie,1308439,0
douban_movie,3138617,0
douban_movie,27663876,0
douban_movie,1300599,0
douban_movie,27615930,0
douban_movie,1300602,0
douban_movie,3136409,0
douban_movie,1923758,0
douban_movie,1300603,0
douban_movie,1308431,0
douban_movie,1308421,0
douban_movie,1300633,0
douban_movie,3131799,0
douban_movie,3130696,0
douban_movie,5083539,0
douban_movie,27621680,0
douban_movie,1300631,0
douban_movie,5084017,0
douban_movie,27621841,0
douban_movie,1300627,0
douban_movie,27621699,0
douban_movie,1300670,0
douban_movie,1300629,0
douban_movie,27666634,0
douban_movie,3134587,0
douban_movie,1924492,0
douban_movie,25728033,0
douban_movie,3136391,0
douban_movie,25725249,0
douban_movie,25717176,0
douban_movie,27622763,0
douban_movie,25716226,0
douban_movie,27624770,0
douban_movie,1300673,0
douban_movie,5083757,0
douban_movie,27622792,0
douban_movie,25737306,0
douban_movie,1308394,0
douban_movie,1300671,0
douban_movie,27624660,0
douban_movie,1308396,0
douban_movie,1300669,0
douban_movie,1300676,0
douban_movie,25716851,0
douban_movie,25725597,0
douban_movie,1300607,0
douban_movie,25719545,0
douban_movie,1924515,0
douban_movie,25717820,0
douban_movie,27621929,0
douban_movie,3124149,0
douban_movie,1479939,0
douban_movie,25725222,0
douban_movie,1308412,0
douban_movie,27621764,0
douban_movie,27617285,0
douban_movie,1308436,0
douban_movie,1924251,0
douban_movie,3135551,0
douban_movie,1300612,0
douban_movie,27621727,0
douban_movie,25723195,0
douban_movie,27621670,0
douban_movie,1300745,0
douban_movie,1308342,0
douban_movie,1296132,0
douban_movie,1308340,0
douban_movie,3103984,0
douban_movie,1308358,0
douban_movie,25267047,0
douban_movie,25662063,0
douban_movie,1308331,0
douban_movie,27667114,0
douban_movie,3111395,0
douban_movie,1926106,0
douban_movie,3111841,0
douban_movie,28442988,0
douban_movie,25662454,0
douban_movie,1925953,0
douban_movie,25111454,0
douban_movie,1925966,0
douban_movie,1300761,0
douban_movie,25664720,0
douban_movie,1925958,0
douban_movie,3103690,0
douban_movie,1923717,0
douban_movie,27666666,0
douban_movie,1300723,0
douban_movie,1294836,0
douban_movie,1300696,0
douban_movie,25709254,0
douban_movie,1479896,0
douban_movie,1308377,0
douban_movie,27666619,0
douban_movie,1300753,0
douban_movie,25663004,0
douban_movie,27618192,0
douban_movie,1300732,0
douban_movie,1300614,0
douban_movie,25725289,0
douban_movie,5083289,0
douban_movie,25722468,0
douban_movie,1308392,0
douban_movie,1300672,0
douban_movie,27624680,0
douban_movie,27666662,0
douban_movie,3113368,0
douban_movie,1926007,0
douban_movie,27668208,0
douban_movie,1925945,0
douban_movie,3118205,0
douban_movie,27668216,0
douban_movie,1925787,0
douban_movie,3112152,0
douban_movie,26595436,0
douban_movie,25665236,0
douban_movie,3112815,0
douban_movie,25695581,0
douban_movie,25699630,0
douban_movie,25698182,0
douban_movie,3113493,0
douban_movie,1925776,0
douban_movie,3115311,0
douban_movie,25699405,0
douban_movie,3115084,0
douban_movie,27668664,0
douban_movie,27668297,0
douban_movie,1296135,0
douban_movie,1307079,0
douban_movie,1945750,0
douban_movie,27591665,0
douban_movie,5113658,0
douban_movie,30242686,0
douban_movie,30272266,0
douban_movie,1307790,0
douban_movie,1307793,0
douban_movie,1301198,0
douban_movie,1307781,0
douban_movie,1307770,0
douban_movie,3069312,0
douban_movie,30273101,0
douban_movie,11803087,0
douban_movie,1301201,0
douban_movie,3047727,0
douban_movie,30272589,0
douban_movie,1307740,0
douban_movie,30240061,0
douban_movie,30238580,0
douban_movie,1308087,0
douban_movie,30206418,0
douban_movie,3067878,0
douban_movie,24746987,0
douban_movie,1937638,0
douban_movie,30206327,0
douban_movie,1301089,0
douban_movie,24748837,0
douban_movie,5088538,0
douban_movie,30217644,0
douban_movie,30203356,0
douban_movie,1937647,0
douban_movie,30204446,0
douban_movie,1937471,0
douban_movie,3069347,0
douban_movie,1301213,0
douban_movie,1307764,0
douban_movie,1301225,0
douban_movie,1480146,0
douban_movie,1307806,0
douban_movie,1301211,0
douban_movie,1307810,0
douban_movie,1939437,0
douban_movie,1939325,0
douban_movie,1307815,0
douban_movie,1307818,0
douban_movie,30272368,0
douban_movie,1307817,0
douban_movie,1939374,0
douban_movie,1307822,0
douban_movie,1307824,0
douban_movie,1307840,0
douban_movie,1307839,0
douban_movie,30269970,0
douban_movie,1307756,0
douban_movie,1307841,0
douban_movie,30271684,0
douban_movie,1939414,0
douban_movie,30264005,0
douban_movie,3053231,0
douban_movie,1480390,0
douban_movie,11631862,0
douban_movie,1307787,0
douban_movie,1301231,0
douban_movie,1301229,0
douban_movie,1307743,0
douban_movie,1307747,0
douban_movie,1307750,0
douban_movie,1301226,0
douban_movie,1308098,0
douban_movie,1301087,0
douban_movie,3033085,0
douban_movie,30193477,0
douban_movie,30192453,0
douban_movie,24805927,0
douban_movie,1937334,0
douban_movie,30192834,0
douban_movie,1301065,0
douban_movie,30194417,0
douban_movie,1937373,0
douban_movie,1301083,0
douban_movie,1937371,0
douban_movie,24759862,0
douban_movie,1301061,0
douban_movie,30196785,0
douban_movie,30200895,0
douban_movie,30196875,0
douban_movie,3071242,0
douban_movie,24828296,0
douban_movie,30192370,0
douban_movie,1308117,0
douban_movie,1301038,0
douban_movie,30198683,0
douban_movie,3071126,0
douban_movie,24755421,0
douban_movie,1308114,0
douban_movie,24749768,0
douban_movie,24751810,0
douban_movie,1308104,0
douban_movie,1937400,0
douban_movie,24752481,0
douban_movie,1296164,0
douban_movie,30201050,0
douban_movie,1308109,0
douban_movie,1301062,0
douban_movie,1301064,0
douban_movie,1308102,0
douban_movie,3068227,0
douban_movie,24751756,0
douban_movie,30201691,0
douban_movie,1301088,0
douban_movie,30209818,0
douban_movie,24748587,0
douban_movie,1937850,0
douban_movie,1308065,0
douban_movie,1937946,0
douban_movie,26594708,0
douban_movie,1308074,0
douban_movie,1308076,0
douban_movie,1480035,0
douban_movie,30214123,0
douban_movie,1301111,0
douban_movie,30211758,0
douban_movie,1937527,0
douban_movie,3069330,0
douban_movie,30210689,0
douban_movie,24743697,0
douban_movie,1301091,0
douban_movie,1301090,0
douban_movie,1937852,0
douban_movie,1308093,0
douban_movie,1937663,0
douban_movie,30211824,0
douban_movie,24743709,0
douban_movie,30210182,0
douban_movie,1308097,0
douban_movie,1308092,0
douban_movie,1301117,0
douban_movie,1307788,0
douban_movie,24732348,0
douban_movie,1307731,0
douban_movie,30254040,0
douban_movie,1307981,0
douban_movie,26351024,0
douban_movie,30252529,0
douban_movie,30252531,0
douban_movie,1307930,0
douban_movie,1307937,0
douban_movie,1307926,0
douban_movie,11620211,0
douban_movie,1307928,0
douban_movie,1938963,0
douban_movie,1297589,0
douban_movie,1307915,0
douban_movie,30252414,0
douban_movie,1307938,0
douban_movie,1307943,0
douban_movie,1301153,0
douban_movie,30251943,0
douban_movie,30243337,0
douban_movie,1938506,0
douban_movie,1307957,0
douban_movie,1938520,0
douban_movie,1307905,0
douban_movie,1939063,0
douban_movie,1939059,0
douban_movie,1307903,0
douban_movie,1307887,0
douban_movie,30257392,0
douban_movie,1307888,0
douban_movie,1307893,0
douban_movie,1307891,0
douban_movie,30257320,0
douban_movie,30257374,0
douban_movie,1301166,0
douban_movie,1307885,0
douban_movie,1307850,0
douban_movie,3056725,0
douban_movie,1307875,0
douban_movie,1939073,0
douban_movie,1307884,0
douban_movie,30257384,0
douban_movie,11627083,0
douban_movie,1939071,0
douban_movie,1307865,0
douban_movie,30263802,0
douban_movie,1297586,0
douban_movie,5089193,0
douban_movie,1301180,0
douban_movie,1939174,0
douban_movie,1939224,0
douban_movie,1307842,0
douban_movie,1307862,0
douban_movie,5089376,0
douban_movie,30262242,0
douban_movie,1763632,0
douban_movie,11636325,0
douban_movie,5113715,0
douban_movie,1939132,0
douban_movie,1480346,0
douban_movie,1939097,0
douban_movie,30263803,0
douban_movie,30263959,0
douban_movie,3054944,0
douban_movie,3054928,0
douban_movie,5089321,0
douban_movie,30276999,0
douban_movie,30255197,0
douban_movie,1939068,0
douban_movie,1939065,0
douban_movie,1307645,0
douban_movie,1307726,0
douban_movie,1307739,0
douban_movie,1939690,0
douban_movie,30273138,0
douban_movie,1301287,0
douban_movie,1301289,0
douban_movie,1307673,0
douban_movie,1307639,0
douban_movie,1307647,0
douban_movie,1940076,0
douban_movie,1939906,0
douban_movie,3053168,0
douban_movie,1301313,0
douban_movie,1307643,0
douban_movie,1307646,0
douban_movie,1307720,0
douban_movie,1307648,0
douban_movie,1307734,0
douban_movie,1301305,0
douban_movie,1307664,0
douban_movie,1301308,0
douban_movie,1939903,0
douban_movie,1301304,0
douban_movie,19898506,0
douban_movie,3047815,0
douban_movie,1307666,0
douban_movie,1307671,0
douban_movie,1301295,0
douban_movie,1307675,0
douban_movie,1307660,0
douban_movie,1301234,0
douban_movie,1939759,0
douban_movie,30256772,0
douban_movie,1939203,0
douban_movie,1307846,0
douban_movie,1483966,0
douban_movie,3057608,0
douban_movie,30254656,0
douban_movie,1301173,0
douban_movie,30253122,0
douban_movie,1307901,0
douban_movie,1307902,0
douban_movie,30255177,0
douban_movie,1301156,0
douban_movie,30251944,0
douban_movie,1939067,0
douban_movie,1307899,0
douban_movie,30263815,0
douban_movie,1307836,0
douban_movie,13939322,0
douban_movie,1307678,0
douban_movie,1301288,0
douban_movie,1307690,0
douban_movie,1307709,0
douban_movie,19896409,0
douban_movie,1307691,0
douban_movie,1301280,0
douban_movie,1307697,0
douban_movie,19897413,0
douban_movie,1939706,0
douban_movie,1301268,0
douban_movie,1939774,0
douban_movie,1301253,0
douban_movie,19896363,0
douban_movie,3069966,0
douban_movie,30201013,0
douban_movie,30203410,0
douban_movie,1307242,0
douban_movie,1307264,0
douban_movie,19946193,0
douban_movie,1307263,0
douban_movie,1307251,0
douban_movie,1941682,0
douban_movie,1307246,0
douban_movie,1307245,0
douban_movie,30302356,0
douban_movie,1307241,0
douban_movie,1297591,0
douban_movie,1307238,0
douban_movie,1307236,0
douban_movie,1307233,0
douban_movie,1941793,0
douban_movie,19945720,0
douban_movie,1307265,0
douban_movie,1307272,0
douban_movie,1307209,0
douban_movie,1301507,0
douban_movie,1307203,0
douban_movie,1301509,0
douban_movie,1307163,0
douban_movie,1301534,0
douban_movie,1307165,0
douban_movie,1307166,0
douban_movie,1944340,0
douban_movie,1301535,0
douban_movie,1307179,0
douban_movie,1295813,0
douban_movie,1307183,0
douban_movie,1307187,0
douban_movie,1301488,0
douban_movie,1307228,0
douban_movie,19945427,0
douban_movie,1307146,0
douban_movie,3035308,0
douban_movie,30309337,0
douban_movie,30307210,0
douban_movie,3036460,0
douban_movie,1301593,0
douban_movie,30317616,0
douban_movie,1307095,0
douban_movie,30317092,0
douban_movie,1297585,0
douban_movie,1307106,0
douban_movie,1307100,0
douban_movie,1301578,0
douban_movie,30317262,0
douban_movie,1307112,0
douban_movie,1307116,0
douban_movie,1301505,0
douban_movie,1307157,0
douban_movie,1307113,0
douban_movie,1301575,0
douban_movie,1301574,0
douban_movie,19955775,0
douban_movie,3037177,0
douban_movie,1307133,0
douban_movie,1307129,0
douban_movie,1945260,0
douban_movie,24721404,0
douban_movie,1307117,0
douban_movie,1301584,0
douban_movie,1301539,0
douban_movie,1301537,0
douban_movie,1307144,0
douban_movie,1301523,0
douban_movie,1307185,0
douban_movie,30327787,0
douban_movie,1306961,0
douban_movie,1306962,0
douban_movie,3026776,0
douban_movie,1306919,0
douban_movie,1306925,0
douban_movie,24716046,0
douban_movie,1301698,0
douban_movie,1306941,0
douban_movie,1946458,0
douban_movie,1306936,0
douban_movie,19961131,0
douban_movie,1306948,0
douban_movie,1301691,0
douban_movie,1307017,0
douban_movie,1306954,0
douban_movie,24722295,0
douban_movie,1306950,0
douban_movie,30327577,0
douban_movie,1946290,0
douban_movie,1306947,0
douban_movie,1301684,0
douban_movie,1306963,0
douban_movie,1306960,0
douban_movie,1306957,0
douban_movie,1306955,0
douban_movie,30327625,0
douban_movie,3035648,0
douban_movie,1307018,0
douban_movie,1307021,0
douban_movie,5113685,0
douban_movie,1301675,0
douban_movie,1945797,0
douban_movie,1307198,0
douban_movie,1301676,0
douban_movie,1301529,0
douban_movie,1307193,0
douban_movie,1307202,0
douban_movie,1307195,0
douban_movie,30300915,0
douban_movie,1307206,0
douban_movie,1301525,0
douban_movie,1301510,0
douban_movie,1301521,0
douban_movie,1307267,0
douban_movie,1307090,0
douban_movie,30323374,0
douban_movie,1306964,0
douban_movie,1946263,0
douban_movie,1301667,0
douban_movie,1301660,0
douban_movie,1296179,0
douban_movie,1945949,0
douban_movie,3026626,0
douban_movie,1306988,0
douban_movie,1306973,0
douban_movie,1301671,0
douban_movie,1301674,0
douban_movie,1306989,0
douban_movie,1307008,0
douban_movie,1945858,0
douban_movie,1306999,0
douban_movie,1306994,0
douban_movie,1946060,0
douban_movie,5320211,0
douban_movie,1307141,0
douban_movie,19949238,0
douban_movie,30201003,0
douban_movie,1307947,0
douban_movie,3060313,0
douban_movie,1307961,0
douban_movie,1307956,0
douban_movie,1307954,0
douban_movie,3058741,0
douban_movie,30240056,0
douban_movie,5113837,0
douban_movie,1301544,0
douban_movie,30238397,0
douban_movie,30238375,0
douban_movie,1307975,0
douban_movie,1301143,0
douban_movie,1307987,0
douban_movie,26348579,0
douban_movie,1938238,0
douban_movie,3060937,0
douban_movie,1307968,0
douban_movie,30238285,0
douban_movie,30238246,0
douban_movie,1301146,0
douban_movie,1307970,0
douban_movie,11625432,0
douban_movie,26349414,0
douban_movie,30238317,0
douban_movie,1296174,0
douban_movie,30238576,0
douban_movie,1307971,0
douban_movie,5089232,0
douban_movie,30215025,0
douban_movie,1938051,0
douban_movie,1308007,0
douban_movie,1308006,0
douban_movie,1301142,0
douban_movie,30232307,0
douban_movie,30237610,0
douban_movie,1308111,0
douban_movie,30200442,0
douban_movie,3070311,0
douban_movie,24754876,0
douban_movie,3070711,0
douban_movie,24758391,0
douban_movie,1937376,0
douban_movie,1308110,0
douban_movie,30200482,0
douban_movie,24758366,0
douban_movie,3070782,0
douban_movie,1301316,0
douban_movie,5089088,0
douban_movie,1308055,0
douban_movie,30238308,0
douban_movie,30232725,0
douban_movie,30232737,0
douban_movie,1301145,0
douban_movie,1301141,0
douban_movie,30235439,0
douban_movie,1938176,0
douban_movie,1938060,0
douban_movie,30237588,0
douban_movie,1480345,0
douban_movie,5113822,0
douban_movie,1938082,0
douban_movie,30232664,0
douban_movie,1307995,0
douban_movie,1307991,0
douban_movie,3060645,0
douban_movie,1308043,0
douban_movie,1308036,0
douban_movie,1308044,0
douban_movie,1763608,0
douban_movie,30225018,0
douban_movie,1308039,0
douban_movie,30232732,0
douban_movie,1308040,0
douban_movie,30227727,0
douban_movie,24736535,0
douban_movie,30222910,0
douban_movie,30223840,0
douban_movie,1938016,0
douban_movie,1308033,0
douban_movie,19897141,0
douban_movie,1301314,0
douban_movie,19898751,0
douban_movie,30309117,0
douban_movie,30306050,0
douban_movie,3065191,0
douban_movie,1301577,0
douban_movie,30308425,0
douban_movie,30304231,0
douban_movie,1307136,0
douban_movie,1307138,0
douban_movie,1945130,0
douban_movie,1307135,0
douban_movie,1945567,0
douban_movie,1945153,0
douban_movie,30304610,0
douban_movie,1944989,0
douban_movie,30303576,0
douban_movie,1301548,0
douban_movie,1301538,0
douban_movie,30227529,0
douban_movie,1308009,0
douban_movie,1308050,0
douban_movie,3067813,0
douban_movie,1308049,0
douban_movie,5088942,0
douban_movie,1308053,0
douban_movie,5113805,0
douban_movie,30222891,0
douban_movie,1308058,0
douban_movie,3067567,0
douban_movie,1308051,0
douban_movie,30220611,0
douban_movie,30216092,0
douban_movie,1308059,0
douban_movie,1308063,0
douban_movie,24739179,0
douban_movie,1296177,0
douban_movie,1301120,0
douban_movie,3063820,0
douban_movie,30218116,0
douban_movie,1764114,0
douban_movie,30219797,0
douban_movie,3066290,0
douban_movie,30221703,0
douban_movie,30229533,0
douban_movie,30252206,0
douban_movie,24734762,0
douban_movie,1308011,0
douban_movie,1302656,0
douban_movie,1308018,0
douban_movie,1308020,0
douban_movie,1308023,0
douban_movie,1938023,0
douban_movie,27596274,0
douban_movie,27592725,0
douban_movie,20399058,0
douban_movie,1949929,0
douban_movie,5113222,0
douban_movie,1302068,0
douban_movie,1306069,0
douban_movie,1302076,0
douban_movie,1306065,0
douban_movie,32495643,0
douban_movie,30458812,0
douban_movie,1306015,0
douban_movie,26588820,0
douban_movie,1302083,0
douban_movie,2362525,0
douban_movie,1306051,0
douban_movie,1306054,0
douban_movie,1302128,0
douban_movie,1306071,0
douban_movie,1302070,0
douban_movie,30454323,0
douban_movie,2362162,0
douban_movie,30458008,0
douban_movie,1949989,0
douban_movie,20277197,0
douban_movie,30451953,0
douban_movie,1302079,0
douban_movie,5113284,0
douban_movie,1306048,0
douban_movie,1306047,0
douban_movie,2361085,0
douban_movie,1302084,0
douban_movie,1296187,0
douban_movie,20279749,0
douban_movie,1306007,0
douban_movie,24699556,0
douban_movie,33396232,0
douban_movie,26363254,0
douban_movie,1305633,0
douban_movie,5113239,0
douban_movie,1305718,0
douban_movie,1305727,0
douban_movie,26360370,0
douban_movie,1302153,0
douban_movie,1951050,0
douban_movie,1305851,0
douban_movie,5113118,0
douban_movie,1302174,0
douban_movie,33383526,0
douban_movie,33380043,0
douban_movie,5089637,0
douban_movie,1305628,0
douban_movie,1951055,0
douban_movie,1305641,0
douban_movie,1482101,0
douban_movie,1305638,0
douban_movie,20388401,0
douban_movie,1305650,0
douban_movie,1951056,0
douban_movie,33383792,0
douban_movie,2337597,0
douban_movie,33384326,0
douban_movie,1305644,0
douban_movie,1305658,0
douban_movie,33383459,0
douban_movie,1305663,0
douban_movie,1305669,0
douban_movie,1305665,0
douban_movie,1305675,0
douban_movie,1306009,0
douban_movie,1306018,0
douban_movie,1305748,0
douban_movie,1306142,0
douban_movie,1306106,0
douban_movie,1302060,0
douban_movie,1306102,0
douban_movie,2363855,0
douban_movie,1296195,0
douban_movie,1306092,0
douban_movie,1302050,0
douban_movie,1306011,0
douban_movie,1306141,0
douban_movie,2370804,0
douban_movie,1306159,0
douban_movie,30447390,0
douban_movie,1949570,0
douban_movie,1306148,0
douban_movie,2363796,0
douban_movie,1306110,0
douban_movie,2363942,0
douban_movie,1306124,0
douban_movie,2363801,0
douban_movie,1763015,0
douban_movie,1306120,0
douban_movie,30451986,0
douban_movie,2364051,0
douban_movie,1306127,0
douban_movie,1306126,0
douban_movie,1306128,0
douban_movie,1949809,0
douban_movie,2365064,0
douban_movie,2365195,0
douban_movie,30451871,0
douban_movie,1302056,0
douban_movie,30450560,0
douban_movie,1949682,0
douban_movie,30447701,0
douban_movie,1306001,0
douban_movie,1306022,0
douban_movie,1949897,0
douban_movie,1296200,0
douban_movie,1302077,0
douban_movie,2357711,0
douban_movie,1306028,0
douban_movie,1950087,0
douban_movie,1306029,0
douban_movie,1306031,0
douban_movie,1306036,0
douban_movie,26357847,0
douban_movie,1306037,0
douban_movie,1306046,0
douban_movie,1306023,0
douban_movie,1306089,0
douban_movie,1302032,0
douban_movie,1306090,0
douban_movie,1306143,0
douban_movie,1302043,0
douban_movie,2367636,0
douban_movie,2368035,0
douban_movie,2369476,0
douban_movie,1306136,0
douban_movie,1302039,0
douban_movie,2368671,0
douban_movie,30450588,0
douban_movie,1297557,0
douban_movie,2368844,0
douban_movie,30453055,0
douban_movie,1302038,0
douban_movie,1296218,0
douban_movie,1305713,0
douban_movie,32579061,0
douban_movie,1302139,0
douban_movie,1305786,0
douban_movie,1305778,0
douban_movie,30476839,0
douban_movie,1305774,0
douban_movie,2348158,0
douban_movie,1305812,0
douban_movie,1305819,0
douban_movie,1305712,0
douban_movie,24700549,0
douban_movie,1950661,0
douban_movie,1305847,0
douban_movie,1305844,0
douban_movie,1950690,0
douban_movie,1946677,0
douban_movie,30475100,0
douban_movie,5113149,0
douban_movie,1482058,0
douban_movie,1950788,0
douban_movie,1302135,0
douban_movie,30481973,0
douban_movie,1305811,0
douban_movie,20376624,0
douban_movie,24695405,0
douban_movie,30475110,0
douban_movie,30475048,0
douban_movie,30470188,0
douban_movie,30468984,0
douban_movie,1950851,0
douban_movie,2347259,0
douban_movie,1302133,0
douban_movie,30470309,0
douban_movie,1305845,0
douban_movie,30469287,0
douban_movie,2349359,0
douban_movie,1305738,0
douban_movie,33379705,0
douban_movie,30486487,0
douban_movie,2344612,0
douban_movie,1305745,0
douban_movie,1305752,0
douban_movie,1951033,0
douban_movie,1482089,0
douban_movie,1305753,0
douban_movie,5113119,0
douban_movie,1305755,0
douban_movie,1951014,0
douban_movie,2337873,0
douban_movie,1305756,0
douban_movie,1950999,0
douban_movie,1305730,0
douban_movie,1302125,0
douban_movie,2344345,0
douban_movie,1302145,0
douban_movie,20374413,0
douban_movie,2346533,0
douban_movie,1305822,0
douban_movie,30468872,0
douban_movie,24695968,0
douban_movie,1302144,0
douban_movie,2347264,0
douban_movie,1305826,0
douban_movie,30466863,0
douban_movie,1305828,0
douban_movie,1305842,0
douban_movie,1305834,0
douban_movie,30472642,0
douban_movie,20379678,0
douban_movie,20376758,0
douban_movie,33384987,0
douban_movie,1305548,0
douban_movie,2334000,0
douban_movie,5113028,0
douban_movie,1305550,0
douban_movie,1951120,0
douban_movie,1951107,0
douban_movie,1482154,0
douban_movie,1305553,0
douban_movie,33393424,0
douban_movie,1305555,0
douban_movie,1305559,0
douban_movie,2332319,0
douban_movie,1305566,0
douban_movie,1297565,0
douban_movie,1305623,0
douban_movie,33397634,0
douban_movie,1305631,0
douban_movie,1305678,0
douban_movie,2337816,0
douban_movie,33379040,0
douban_movie,1305685,0
douban_movie,1305696,0
douban_movie,1951021,0
douban_movie,33218225,0
douban_movie,33218329,0
douban_movie,32582434,0
douban_movie,1302158,0
douban_movie,2337379,0
douban_movie,33218218,0
douban_movie,33218428,0
douban_movie,1951148,0
douban_movie,1296197,0
douban_movie,1951044,0
douban_movie,1305602,0
douban_movie,1302171,0
douban_movie,2332317,0
douban_movie,1305575,0
douban_movie,1305577,0
douban_movie,1305589,0
douban_movie,33384835,0
douban_movie,1297548,0
douban_movie,1305578,0
douban_movie,1305588,0
douban_movie,1305594,0
douban_movie,1305595,0
douban_movie,2333007,0
douban_movie,1305605,0
douban_movie,1951064,0
douban_movie,1305607,0
douban_movie,1305537,0
douban_movie,1305608,0
douban_movie,1305609,0
douban_movie,1302178,0
douban_movie,1305615,0
douban_movie,1305625,0
douban_movie,1305570,0
douban_movie,33385289,0
douban_movie,1305567,0
douban_movie,1305568,0
douban_movie,1302192,0
douban_movie,20389659,0
douban_movie,1305534,0
douban_movie,33396287,0
douban_movie,1305541,0
douban_movie,1306003,0
douban_movie,1305996,0
douban_movie,1296217,0
douban_movie,1305137,0
douban_movie,1302238,0
douban_movie,2295556,0
douban_movie,1305141,0
douban_movie,1305133,0
douban_movie,33435793,0
douban_movie,1305130,0
douban_movie,33435778,0
douban_movie,2287938,0
douban_movie,1305181,0
douban_movie,33433368,0
douban_movie,1302229,0
douban_movie,1305231,0
douban_movie,1302217,0
douban_movie,2295927,0
douban_movie,2295846,0
douban_movie,2295854,0
douban_movie,1305140,0
douban_movie,33435854,0
douban_movie,1305147,0
douban_movie,1305158,0
douban_movie,1296260,0
douban_movie,1762077,0
douban_movie,1296246,0
douban_movie,33433253,0
douban_movie,1482396,0
douban_movie,1305173,0
douban_movie,1302224,0
douban_movie,1305170,0
douban_movie,1305174,0
douban_movie,1305152,0
douban_movie,2287527,0
douban_movie,1305222,0
douban_movie,1305214,0
douban_movie,1305208,0
douban_movie,2295401,0
douban_movie,1305110,0
douban_movie,1305062,0
douban_movie,1302248,0
douban_movie,33438633,0
douban_movie,33436599,0
douban_movie,1482473,0
douban_movie,2294568,0
douban_movie,20399347,0
douban_movie,24706400,0
douban_movie,26364383,0
douban_movie,33444732,0
douban_movie,1305061,0
douban_movie,20399028,0
douban_movie,33437185,0
douban_movie,1305126,0
douban_movie,1958039,0
douban_movie,33433187,0
douban_movie,1305195,0
douban_movie,1305196,0
douban_movie,1958026,0
douban_movie,1305201,0
douban_movie,33430614,0
douban_movie,1305198,0
douban_movie,33428700,0
douban_movie,33437577,0
douban_movie,33428353,0
douban_movie,1957965,0
douban_movie,1482366,0
douban_movie,5112854,0
douban_movie,1305215,0
douban_movie,1305040,0
douban_movie,33437584,0
douban_movie,1302272,0
douban_movie,33456124,0
douban_movie,1304881,0
douban_movie,1958529,0
douban_movie,20399332,0
douban_movie,1958514,0
douban_movie,1304890,0
douban_movie,20413544,0
douban_movie,1304901,0
douban_movie,1302281,0
douban_movie,1304937,0
douban_movie,1304920,0
douban_movie,1304921,0
douban_movie,1304891,0
douban_movie,33456222,0
douban_movie,1958478,0
douban_movie,2285845,0
douban_movie,1304877,0
douban_movie,1296247,0
douban_movie,33456087,0
douban_movie,1958467,0
douban_movie,33452988,0
douban_movie,1305015,0
douban_movie,1305022,0
douban_movie,33446651,0
douban_movie,33446616,0
douban_movie,33446784,0
douban_movie,1305010,0
douban_movie,33447827,0
douban_movie,1302252,0
douban_movie,2285128,0
douban_movie,26367602,0
douban_movie,33456332,0
douban_movie,2279043,0
douban_movie,1304943,0
douban_movie,33719817,0
douban_movie,2294758,0
douban_movie,20399139,0
douban_movie,2279728,0
douban_movie,2279565,0
douban_movie,33458607,0
douban_movie,2280004,0
douban_movie,33456503,0
douban_movie,1304950,0
douban_movie,1958517,0
douban_movie,33458609,0
douban_movie,1304955,0
douban_movie,1304956,0
douban_movie,1958490,0
douban_movie,26584871,0
douban_movie,1958480,0
douban_movie,2279062,0
douban_movie,1304959,0
douban_movie,1304966,0
douban_movie,1304976,0
douban_movie,1304935,0
douban_movie,33458795,0
douban_movie,1304933,0
douban_movie,1304928,0
douban_movie,1304876,0
douban_movie,2278853,0
douban_movie,33458679,0
douban_movie,33458614,0
douban_movie,2278925,0
douban_movie,1302277,0
douban_movie,33458611,0
douban_movie,5089926,0
douban_movie,1297531,0
douban_movie,2350915,0
douban_movie,1950436,0
douban_movie,20368759,0
douban_movie,1305868,0
douban_movie,2350778,0
douban_movie,1305888,0
douban_movie,1305877,0
douban_movie,20374468,0
douban_movie,1950430,0
douban_movie,1305049,0
douban_movie,1305873,0
douban_movie,30465881,0
douban_movie,1305864,0
douban_movie,2350205,0
douban_movie,2350149,0
douban_movie,2351553,0
douban_movie,2353148,0
douban_movie,2352569,0
douban_movie,1305954,0
douban_movie,1950253,0
douban_movie,1302100,0
douban_movie,1305960,0
douban_movie,1302093,0
douban_movie,2357302,0
douban_movie,2355774,0
douban_movie,5113155,0
douban_movie,1305977,0
douban_movie,1305968,0
douban_movie,1762542,0
douban_movie,1305978,0
douban_movie,1305980,0
douban_movie,2357707,0
douban_movie,1762865,0
douban_movie,1305865,0
douban_movie,2349391,0
douban_movie,2349088,0
douban_movie,30458842,0
douban_movie,30462862,0
douban_movie,26587586,0
douban_movie,24700683,0
douban_movie,1305897,0
douban_movie,1305891,0
douban_movie,30463339,0
douban_movie,24702656,0
douban_movie,2353153,0
douban_movie,30463044,0
douban_movie,1302105,0
douban_movie,30459647,0
douban_movie,1305907,0
douban_movie,1305908,0
douban_movie,1305910,0
douban_movie,1305911,0
douban_movie,2349082,0
douban_movie,1305914,0
douban_movie,1305921,0
douban_movie,30458898,0
douban_movie,30458722,0
douban_movie,1305882,0
douban_movie,1950454,0
douban_movie,2350593,0
douban_movie,30464777,0
douban_movie,2349124,0
douban_movie,1305854,0
douban_movie,24704095,0
douban_movie,2349070,0
douban_movie,30467704,0
douban_movie,30465718,0
douban_movie,30453176,0
douban_movie,20368801,0
douban_movie,1305986,0
douban_movie,33436435,0
douban_movie,1302243,0
douban_movie,1305074,0
douban_movie,1305073,0
douban_movie,1305078,0
douban_movie,1305080,0
douban_movie,1305085,0
douban_movie,1305096,0
douban_movie,33436506,0
douban_movie,1958202,0
douban_movie,33435881,0
douban_movie,1305094,0
douban_movie,1305086,0
douban_movie,1305090,0
douban_movie,5090058,0
douban_movie,1958178,0
douban_movie,1951163,0
douban_movie,2295390,0
douban_movie,1305103,0
douban_movie,1302241,0
douban_movie,1305111,0
douban_movie,26364294,0
douban_movie,2294896,0
douban_movie,5112843,0
douban_movie,1958251,0
douban_movie,1305045,0
douban_movie,2287411,0
douban_movie,1958447,0
douban_movie,2287816,0
douban_movie,1305051,0
douban_movie,1958427,0
douban_movie,1958246,0
douban_movie,33399866,0
douban_movie,1950140,0
douban_movie,1302094,0
douban_movie,1296209,0
douban_movie,1950047,0
douban_movie,1305992,0
douban_movie,1305979,0
douban_movie,1305853,0
douban_movie,30461769,0
douban_movie,1950267,0
douban_movie,1305918,0
douban_movie,20366317,0
douban_movie,1305930,0
douban_movie,1305932,0
douban_movie,2353680,0
douban_movie,2355077,0
douban_movie,1305933,0
douban_movie,1950401,0
douban_movie,33401878,0
douban_movie,2354771,0
douban_movie,1305946,0
douban_movie,30458344,0
douban_movie,1482029,0
douban_movie,2353672,0
douban_movie,24704130,0
douban_movie,1305944,0
douban_movie,1305952,0
douban_movie,1950395,0
douban_movie,1305943,0
douban_movie,2354132,0
douban_movie,1950394,0
douban_movie,30458473,0
douban_movie,1305937,0
douban_movie,30488690,0
douban_movie,1305735,0
douban_movie,1920700,0
douban_movie,3078451,0
douban_movie,3075424,0
douban_movie,1929726,0
douban_movie,3077791,0
douban_movie,1300903,0
douban_movie,24867829,0
douban_movie,1300891,0
douban_movie,24869819,0
douban_movie,1300902,0
douban_movie,1929483,0
douban_movie,5087999,0
douban_movie,3077977,0
douban_movie,1308232,0
douban_movie,3077968,0
douban_movie,3078390,0
douban_movie,1308194,0
douban_movie,1308207,0
douban_movie,1300928,0
douban_movie,5114134,0
douban_movie,30160563,0
douban_movie,5089169,0
douban_movie,1300916,0
douban_movie,24863241,0
douban_movie,3077735,0
douban_movie,24862100,0
douban_movie,1308205,0
douban_movie,1300910,0
douban_movie,1764251,0
douban_movie,1308219,0
douban_movie,24862587,0
douban_movie,30160564,0
douban_movie,1300908,0
douban_movie,3077840,0
douban_movie,5088074,0
douban_movie,3077851,0
douban_movie,1308162,0
douban_movie,24849695,0
douban_movie,3075274,0
douban_movie,30167070,0
douban_movie,24849683,0
douban_movie,3074506,0
douban_movie,24849718,0
douban_movie,1479960,0
douban_movie,1308159,0
douban_movie,24850018,0
douban_movie,1931091,0
douban_movie,1300956,0
douban_movie,5088284,0
douban_movie,1300954,0
douban_movie,5088237,0
douban_movie,3074507,0
douban_movie,30156540,0
douban_movie,1300950,0
douban_movie,5113950,0
douban_movie,5088735,0
douban_movie,1932024,0
douban_movie,1308183,0
douban_movie,1308195,0
douban_movie,30156548,0
douban_movie,24869414,0
douban_movie,24868211,0
douban_movie,3077722,0
douban_movie,1308223,0
douban_movie,1308228,0
douban_movie,24869634,0
douban_movie,3077742,0
douban_movie,1308213,0
douban_movie,1308214,0
douban_movie,2336924,0
douban_movie,30179916,0
douban_movie,1308124,0
douban_movie,3072075,0
douban_movie,24827459,0
douban_movie,30182548,0
douban_movie,30181482,0
douban_movie,30181251,0
douban_movie,30185500,0
douban_movie,3077701,0
douban_movie,3072799,0
douban_movie,24827020,0
douban_movie,30190640,0
douban_movie,3072056,0
douban_movie,24815960,0
douban_movie,30190563,0
douban_movie,1308122,0
douban_movie,1937203,0
douban_movie,30179820,0
douban_movie,1296149,0
douban_movie,1308153,0
douban_movie,1936747,0
douban_movie,1301002,0
douban_movie,1308144,0
douban_movie,30174147,0
douban_movie,1300992,0
douban_movie,24844131,0
douban_movie,3074541,0
douban_movie,24844349,0
douban_movie,1300982,0
douban_movie,1300978,0
douban_movie,1300984,0
douban_movie,1932205,0
douban_movie,1301039,0
douban_movie,30190633,0
douban_movie,1301066,0
douban_movie,1308135,0
douban_movie,1300912,0
douban_movie,1929486,0
douban_movie,1308158,0
douban_movie,1308150,0
douban_movie,24843482,0
douban_movie,1937080,0
douban_movie,24839515,0
douban_movie,1480322,0
douban_movie,1301015,0
douban_movie,24843198,0
douban_movie,1301013,0
douban_movie,30178819,0
douban_movie,30179561,0
douban_movie,1308129,0
douban_movie,1937085,0
douban_movie,30201149,0
douban_movie,1301005,0
douban_movie,30176395,0
douban_movie,30178820,0
douban_movie,3072801,0
douban_movie,30176737,0
douban_movie,3072889,0
douban_movie,1301011,0
douban_movie,3073079,0
douban_movie,1937053,0
douban_movie,1301028,0
douban_movie,24839100,0
douban_movie,24838478,0
douban_movie,24838509,0
douban_movie,30191913,0
douban_movie,1308161,0
douban_movie,3073479,0
douban_movie,24849545,0
douban_movie,27608094,0
douban_movie,1308458,0
douban_movie,1300564,0
douban_movie,3139239,0
douban_movie,27611667,0
douban_movie,1300567,0
douban_movie,1308459,0
douban_movie,1308455,0
douban_movie,1933869,0
douban_movie,1479869,0
douban_movie,25733251,0
douban_movie,27615919,0
douban_movie,1300572,0
douban_movie,25732039,0
douban_movie,27615397,0
douban_movie,1300565,0
douban_movie,27611720,0
douban_movie,1923494,0
douban_movie,1308463,0
douban_movie,1308468,0
douban_movie,27613257,0
douban_movie,3141955,0
douban_movie,1308482,0
douban_movie,27607434,0
douban_movie,1300520,0
douban_movie,25741706,0
douban_movie,1308498,0
douban_movie,1300511,0
douban_movie,1922044,0
douban_movie,25742291,0
douban_movie,1308505,0
douban_movie,1308506,0
douban_movie,1300574,0
douban_movie,1308454,0
douban_movie,25728474,0
douban_movie,27607274,0
douban_movie,25754805,0
douban_movie,3148669,0
douban_movie,1300458,0
douban_movie,25119579,0
douban_movie,1921686,0
douban_movie,27602116,0
douban_movie,1923447,0
douban_movie,1923474,0
douban_movie,3145148,0
douban_movie,11589036,0
douban_movie,3140497,0
douban_movie,1308473,0
douban_movie,27611408,0
douban_movie,27608464,0
douban_movie,27607331,0
douban_movie,27611507,0
douban_movie,27607268,0
douban_movie,27607270,0
douban_movie,1300558,0
douban_movie,1300559,0
douban_movie,1308477,0
douban_movie,1479564,0
douban_movie,1922648,0
douban_movie,26595863,0
douban_movie,1922398,0
douban_movie,1308480,0
douban_movie,1300548,0
douban_movie,1300562,0
douban_movie,27611599,0
douban_movie,25735464,0
douban_movie,3141996,0
douban_movie,1308516,0
douban_movie,27604032,0
douban_movie,24855998,0
douban_movie,1308495,0
douban_movie,25737333,0
douban_movie,3104272,0
douban_movie,3102103,0
douban_movie,3102422,0
douban_movie,24855643,0
douban_movie,1931088,0
douban_movie,24852462,0
douban_movie,1931032,0
douban_movie,1931064,0
douban_movie,30167500,0
douban_movie,30166971,0
douban_movie,5113972,0
douban_movie,1308171,0
douban_movie,1300939,0
douban_movie,25739354,0
douban_movie,1308174,0
douban_movie,30164488,0
douban_movie,24859059,0
douban_movie,24860563,0
douban_movie,1300933,0
douban_movie,30164692,0
douban_movie,1930731,0
douban_movie,11606328,0
douban_movie,1308176,0
douban_movie,24857751,0
douban_movie,1308168,0
douban_movie,1300936,0
douban_movie,1300940,0
douban_movie,26345722,0
douban_movie,1300523,0
douban_movie,1308489,0
douban_movie,1308508,0
douban_movie,1308481,0
douban_movie,1308513,0
douban_movie,25744296,0
douban_movie,26596296,0
douban_movie,25744617,0
douban_movie,25745197,0
douban_movie,27602102,0
douban_movie,1921681,0
douban_movie,1764523,0
douban_movie,1921874,0
douban_movie,27603804,0
douban_movie,25742021,0
douban_movie,1308501,0
douban_movie,1922198,0
douban_movie,25736411,0
douban_movie,1300537,0
douban_movie,1922330,0
douban_movie,26596836,0
douban_movie,1300536,0
douban_movie,1308485,0
douban_movie,3141954,0
douban_movie,25735997,0
douban_movie,25738183,0
douban_movie,1300535,0
douban_movie,25735089,0
douban_movie,5081471,0
douban_movie,25738408,0
douban_movie,27605033,0
douban_movie,5081761,0
douban_movie,25738574,0
douban_movie,25738572,0
douban_movie,1300981,0
douban_movie,24845362,0
douban_movie,1300975,0
douban_movie,30156243,0
douban_movie,1296151,0
douban_movie,3082199,0
douban_movie,1300886,0
douban_movie,1300892,0
douban_movie,1308252,0
douban_movie,24880051,0
douban_movie,3078875,0
douban_movie,30133962,0
douban_movie,1308246,0
douban_movie,30156515,0
douban_movie,1308275,0
douban_movie,30156254,0
douban_movie,3079295,0
douban_movie,30156518,0
douban_movie,1300883,0
douban_movie,1308244,0
douban_movie,24879816,0
douban_movie,1300857,0
douban_movie,3080211,0
douban_movie,30151966,0
douban_movie,30150657,0
douban_movie,1308298,0
douban_movie,1479910,0
douban_movie,3086862,0
douban_movie,3087831,0
douban_movie,1300839,0
douban_movie,30149838,0
douban_movie,1479945,0
douban_movie,24876976,0
douban_movie,1300832,0
douban_movie,1300830,0
douban_movie,30156513,0
douban_movie,5099066,0
douban_movie,1300889,0
douban_movie,1300869,0
douban_movie,24879206,0
douban_movie,1300814,0
douban_movie,3079624,0
douban_movie,3080195,0
douban_movie,30156080,0
douban_movie,30156174,0
douban_movie,1928602,0
douban_movie,1300872,0
douban_movie,1308256,0
douban_movie,11600129,0
douban_movie,1300871,0
douban_movie,30156554,0
douban_movie,1928201,0
douban_movie,24875265,0
douban_movie,5087813,0
douban_movie,1296145,0
douban_movie,3079752,0
douban_movie,30156132,0
douban_movie,1300862,0
douban_movie,3079567,0
douban_movie,24875325,0
douban_movie,1764366,0
douban_movie,1300861,0
douban_movie,1308269,0
douban_movie,30156222,0
douban_movie,1296163,0
douban_movie,1308255,0
douban_movie,30156530,0
douban_movie,24870480,0
douban_movie,1308237,0
douban_movie,3087658,0
douban_movie,3087619,0
douban_movie,30149810,0
douban_movie,30479644,0
douban_movie,1301700,0
douban_movie,30489338,0
douban_movie,2340957,0
douban_movie,30483696,0
douban_movie,1297549,0
douban_movie,1305759,0
douban_movie,1305763,0
